{"cameraMode":{"drawMode":0,"name":"Shaded","section":"Shading Mode"},"sceneLighting":false,"audioPlay":false,"sceneViewState":{"m_AlwaysRefresh":false,"showFog":true,"showSkybox":false,"showFlares":true,"showImageEffects":true,"showParticleSystems":true,"showVisualEffectGraphs":true,"m_FxEnabled":true},"in2DMode":false,"pivot":{"x":-0.07779108732938767,"y":0.5362221002578735,"z":0.35811591148376467},"rotation":{"x":-0.003325347788631916,"y":0.8642552495002747,"z":-0.005711932200938463,"w":-0.5030199289321899},"size":0.35095372796058657,"orthographic":false}